name,server_id,time_ordered,is_served,price
Fountain Drink,2,2022-10-14 00:49:06,false,2.45
Chicken Sandwich,3,2022-10-12 12:36:39,true,7.49
Gig Em Patty Melt,4,2022-10-12 20:50:47,true,7.49
Cookie Sandwich,3,2022-10-14 09:58:27,true,4.69
Ice Cream Cup,4,2022-10-10 01:44:38,true,3.29
Chicken Sandwich,2,2022-10-11 06:38:15,false,7.49
Bacon Burger,4,2022-10-09 14:24:27,false,7.89
Classic Hamburger,3,2022-10-14 20:07:06,false,6.49
Bacon Burger,4,2022-10-13 14:59:35,true,7.89
Cookie Sandwich,4,2022-10-11 07:05:09,false,4.69
Bacon Burger,2,2022-10-12 14:39:57,false,7.89
Chicken Tenders,5,2022-10-10 21:48:11,false,7.49
Caesar Salad,3,2022-10-09 00:30:36,false,8.29
Black Bean Burger,5,2022-10-11 07:05:27,false,7.29
Fountain Drink,3,2022-10-11 18:12:25,true,2.45
Aggie Shakes,3,2022-10-11 22:47:24,false,4.49
Gig Em Patty Melt,3,2022-10-13 11:23:34,true,7.29
Classic Hamburger,2,2022-10-09 18:15:58,true,6.49
Aggie Shakes,4,2022-10-12 10:18:25,true,4.49
Bacon Burger,3,2022-10-11 14:51:18,true,7.89
Chicken Sandwich,1,2022-10-13 16:10:02,false,7.49
Cookie Sandwich,3,2022-10-13 05:00:54,true,4.69
Ice Cream Cup,1,2022-10-14 00:23:52,true,3.29
Classic Hamburger,5,2022-10-14 05:17:09,true,6.49
Classic Hamburger,3,2022-10-13 13:17:37,false,6.49
Bacon Burger,3,2022-10-13 19:20:44,false,7.89
Chicken Sandwich,4,2022-10-12 00:07:46,false,7.49
Classic Hamburger,3,2022-10-11 00:54:31,false,6.49
Caesar Salad,3,2022-10-12 04:18:19,false,8.29
Black Bean Burger,5,2022-10-12 04:57:47,false,7.29
Caesar Salad,4,2022-10-13 21:03:21,false,8.29
Chicken Tenders,4,2022-10-12 12:47:52,false,7.49
Chicken Tenders,5,2022-10-10 22:41:21,false,7.49
Chicken Tenders,1,2022-10-13 05:20:00,true,7.49
Gig Em Patty Melt,2,2022-10-14 22:06:34,false,6.49
Caesar Salad,1,2022-10-09 03:04:56,true,8.29
Classic Hamburger,5,2022-10-12 17:43:41,true,6.49
Cookie Sandwich,4,2022-10-12 14:22:59,false,4.69
Fountain Drink,2,2022-10-13 19:50:46,true,2.45
Caesar Salad,3,2022-10-14 01:26:42,true,8.29
Gig Em Patty Melt,1,2022-10-13 22:47:51,false,7.49
Cookie Sandwich,1,2022-10-13 15:35:06,true,4.69
Fountain Drink,4,2022-10-14 12:52:27,false,2.45
Black Bean Burger,5,2022-10-09 11:30:54,true,7.29
Cookie Sandwich,4,2022-10-13 09:37:35,false,4.69
Cookie Sandwich,1,2022-10-12 14:58:56,false,4.69
French Fries,5,2022-10-09 14:06:05,false,2.69
Aggie Shakes,3,2022-10-09 07:04:10,false,4.49
Classic Hamburger,5,2022-10-12 12:10:30,false,6.49
French Fries,5,2022-10-10 03:42:01,true,2.69
Gig Em Patty Melt,1,2022-10-11 12:49:42,false,8.29
Chicken Tenders,4,2022-10-12 03:51:36,false,7.49
Ice Cream Cup,4,2022-10-13 17:48:04,true,3.29
Chicken Sandwich,4,2022-10-10 05:13:40,false,7.49
Caesar Salad,4,2022-10-09 02:31:08,false,8.29
French Fries,2,2022-10-13 05:43:12,true,2.69
Bacon Burger,4,2022-10-14 01:02:32,false,7.89
Chicken Sandwich,2,2022-10-09 08:57:53,true,7.49
Black Bean Burger,4,2022-10-12 20:44:58,false,7.29
Fountain Drink,1,2022-10-13 12:38:39,false,2.45
Aggie Shakes,1,2022-10-12 01:12:03,true,4.49
French Fries,2,2022-10-13 05:10:59,true,2.69
Gig Em Patty Melt,5,2022-10-14 11:41:50,false,8.29
Ice Cream Cup,4,2022-10-11 04:55:30,true,3.29
Chicken Tenders,5,2022-10-09 05:30:57,false,7.49
Bacon Burger,3,2022-10-09 05:40:38,false,7.89
Classic Hamburger,2,2022-10-14 20:25:03,true,6.49
Gig Em Patty Melt,3,2022-10-13 01:44:55,false,7.09
Cookie Sandwich,1,2022-10-11 13:59:36,false,4.69
Cookie Sandwich,2,2022-10-12 22:01:30,true,4.69
Aggie Shakes,2,2022-10-09 21:12:33,false,4.49
Chicken Sandwich,2,2022-10-09 21:26:44,false,7.49
Classic Hamburger,4,2022-10-10 17:52:30,false,6.49
Cookie Sandwich,5,2022-10-13 02:32:24,true,4.69
French Fries,4,2022-10-13 09:42:46,true,2.69
Gig Em Patty Melt,5,2022-10-13 16:35:54,true,7.89
Ice Cream Cup,5,2022-10-13 11:37:02,false,3.29
French Fries,4,2022-10-14 19:18:08,false,2.69
Caesar Salad,1,2022-10-12 08:04:34,false,8.29
Cookie Sandwich,4,2022-10-14 17:34:56,true,4.69
Bacon Burger,2,2022-10-12 01:20:20,true,7.89
Classic Hamburger,2,2022-10-11 06:32:16,false,6.49
Gig Em Patty Melt,2,2022-10-13 01:21:09,false,7.49
Black Bean Burger,2,2022-10-10 15:03:18,false,7.29
Fountain Drink,5,2022-10-13 06:12:01,false,2.45
Cookie Sandwich,5,2022-10-12 21:03:30,false,4.69
Caesar Salad,5,2022-10-10 14:36:56,false,8.29
Gig Em Patty Melt,5,2022-10-10 12:41:24,false,6.49
Caesar Salad,4,2022-10-12 16:02:07,false,8.29
Bacon Burger,2,2022-10-11 14:50:16,true,7.89
Chicken Sandwich,3,2022-10-11 01:23:10,true,7.49
Ice Cream Cup,3,2022-10-11 12:03:29,true,3.29
Black Bean Burger,2,2022-10-12 16:05:46,true,7.29
Black Bean Burger,4,2022-10-12 11:33:44,false,7.29
Chicken Sandwich,2,2022-10-14 21:07:16,true,7.49
Fountain Drink,4,2022-10-10 08:03:00,false,2.45
Ice Cream Cup,5,2022-10-10 15:36:32,true,3.29
Classic Hamburger,1,2022-10-10 01:00:51,false,6.49
Caesar Salad,4,2022-10-13 10:10:48,true,8.29
Gig Em Patty Melt,3,2022-10-10 20:31:02,true,7.09
Cookie Sandwich,5,2022-10-10 16:16:23,true,4.69
Cookie Sandwich,5,2022-10-13 18:15:29,false,4.69
Chicken Tenders,5,2022-10-12 02:20:05,false,7.49
Chicken Tenders,4,2022-10-14 09:53:27,false,7.49
Classic Hamburger,1,2022-10-10 21:41:26,true,6.49
Chicken Tenders,3,2022-10-11 10:44:39,true,7.49
Chicken Sandwich,3,2022-10-09 17:54:55,true,7.49
Caesar Salad,5,2022-10-10 13:32:07,false,8.29
Gig Em Patty Melt,4,2022-10-11 17:21:57,false,6.49
Classic Hamburger,1,2022-10-09 19:54:12,false,6.49
Aggie Shakes,1,2022-10-14 18:37:05,false,4.49
Classic Hamburger,1,2022-10-14 01:00:42,false,6.49
French Fries,3,2022-10-14 12:41:59,false,2.69
Ice Cream Cup,2,2022-10-10 03:39:04,true,3.29
Aggie Shakes,4,2022-10-12 18:11:03,true,4.49
Caesar Salad,1,2022-10-11 17:24:35,true,8.29
Fountain Drink,1,2022-10-13 20:44:56,false,2.45
Bacon Burger,5,2022-10-13 01:26:38,false,7.89
Classic Hamburger,4,2022-10-11 06:00:45,true,6.49
French Fries,5,2022-10-13 00:13:03,true,2.69
Caesar Salad,3,2022-10-14 01:05:20,true,8.29
Black Bean Burger,2,2022-10-12 03:32:04,false,7.29
Cookie Sandwich,4,2022-10-09 12:43:46,true,4.69
Fountain Drink,3,2022-10-09 19:19:06,true,2.45
Bacon Burger,1,2022-10-12 09:56:51,false,7.89
Gig Em Patty Melt,5,2022-10-09 09:33:34,true,7.89
Chicken Sandwich,3,2022-10-14 20:39:05,false,7.49
Fountain Drink,2,2022-10-14 13:32:31,true,2.45
Chicken Tenders,4,2022-10-11 22:16:05,true,7.49
Gig Em Patty Melt,5,2022-10-12 13:01:14,false,8.29
Black Bean Burger,4,2022-10-11 10:27:47,true,7.29
French Fries,1,2022-10-11 13:51:46,false,2.69
Bacon Burger,5,2022-10-11 19:47:13,true,7.89
Caesar Salad,4,2022-10-14 18:46:15,true,8.29
Black Bean Burger,3,2022-10-12 14:13:40,true,7.29
Classic Hamburger,3,2022-10-09 20:17:19,true,6.49
Gig Em Patty Melt,3,2022-10-10 05:46:29,true,7.29
Aggie Shakes,1,2022-10-12 16:08:30,false,4.49
French Fries,5,2022-10-14 05:57:04,false,2.69
Chicken Sandwich,3,2022-10-09 03:19:46,false,7.49
Fountain Drink,2,2022-10-14 16:34:10,true,2.45
Fountain Drink,5,2022-10-10 15:00:34,true,2.45
Caesar Salad,1,2022-10-09 01:11:03,false,8.29
Gig Em Patty Melt,4,2022-10-09 06:41:39,true,7.29
Fountain Drink,5,2022-10-09 01:57:52,true,2.45
Chicken Tenders,4,2022-10-10 16:32:05,false,7.49
Gig Em Patty Melt,5,2022-10-09 01:41:13,false,3.29
Bacon Burger,2,2022-10-13 08:29:58,false,7.89
Cookie Sandwich,2,2022-10-12 03:20:36,true,4.69
Fountain Drink,4,2022-10-12 19:35:37,true,2.45
Caesar Salad,2,2022-10-14 12:02:23,true,8.29
Caesar Salad,5,2022-10-11 17:25:41,true,8.29
Classic Hamburger,5,2022-10-14 22:48:34,true,6.49
Fountain Drink,4,2022-10-09 06:50:03,true,2.45
Chicken Sandwich,3,2022-10-11 16:22:32,true,7.49
Chicken Tenders,3,2022-10-10 12:52:06,true,7.49
Aggie Shakes,4,2022-10-09 01:21:24,true,4.49
Classic Hamburger,2,2022-10-09 19:25:44,false,6.49
French Fries,2,2022-10-13 04:59:11,true,2.69
Chicken Tenders,2,2022-10-10 14:18:36,false,7.49
Bacon Burger,5,2022-10-09 02:13:44,false,7.89
Chicken Sandwich,5,2022-10-12 18:14:09,false,7.49
Chicken Sandwich,5,2022-10-13 11:21:53,false,7.49
Gig Em Patty Melt,2,2022-10-09 09:01:09,true,2.45
Caesar Salad,4,2022-10-10 03:26:34,true,8.29
Aggie Shakes,4,2022-10-11 09:01:49,true,4.49
Bacon Burger,5,2022-10-13 10:46:20,false,7.89
French Fries,4,2022-10-10 05:35:25,false,2.69
Caesar Salad,1,2022-10-09 22:57:14,false,8.29
Bacon Burger,4,2022-10-14 02:40:13,true,7.89
Fountain Drink,4,2022-10-11 08:40:02,true,2.45
Fountain Drink,1,2022-10-11 13:57:50,false,2.45
Fountain Drink,4,2022-10-11 09:02:27,true,2.45
Cookie Sandwich,1,2022-10-12 23:55:03,false,4.69
Ice Cream Cup,3,2022-10-12 06:15:42,false,3.29
Chicken Tenders,1,2022-10-12 04:39:55,false,7.49
Chicken Sandwich,2,2022-10-09 15:27:00,true,7.49
Classic Hamburger,2,2022-10-14 15:29:22,false,6.49
Classic Hamburger,3,2022-10-14 08:06:20,true,6.49
Classic Hamburger,3,2022-10-13 03:02:23,false,6.49
Classic Hamburger,2,2022-10-09 09:53:31,false,6.49
Aggie Shakes,5,2022-10-10 10:00:51,true,4.49
Fountain Drink,1,2022-10-11 11:28:29,true,2.45
Aggie Shakes,3,2022-10-11 09:18:45,false,4.49
Classic Hamburger,4,2022-10-12 04:49:02,false,6.49
Bacon Burger,1,2022-10-09 15:34:16,false,7.89
Chicken Tenders,1,2022-10-12 21:05:20,true,7.49
Chicken Tenders,5,2022-10-13 22:54:22,false,7.49
Chicken Tenders,5,2022-10-09 12:37:34,false,7.49
Ice Cream Cup,2,2022-10-13 23:42:04,false,3.29
Fountain Drink,2,2022-10-13 17:35:04,true,2.45
Black Bean Burger,5,2022-10-11 12:40:36,false,7.29
Classic Hamburger,4,2022-10-09 10:15:22,true,6.49
French Fries,3,2022-10-11 22:38:31,false,2.69
Aggie Shakes,4,2022-10-10 23:39:37,false,4.49
Chicken Tenders,3,2022-10-10 22:33:35,true,7.49
Caesar Salad,4,2022-10-09 03:52:56,false,8.29
Caesar Salad,3,2022-10-09 14:02:01,false,8.29
French Fries,3,2022-10-10 17:12:59,false,2.69
Chicken Tenders,4,2022-10-11 22:45:59,true,7.49
Caesar Salad,1,2022-10-13 14:37:08,false,8.29
Bacon Burger,4,2022-10-12 17:14:31,true,7.89
Cookie Sandwich,3,2022-10-14 11:29:57,true,4.69
French Fries,1,2022-10-13 01:42:41,true,2.69
Black Bean Burger,5,2022-10-12 04:43:12,false,7.29
Aggie Shakes,5,2022-10-12 03:14:32,true,4.49
Black Bean Burger,1,2022-10-14 20:34:23,false,7.29
Gig Em Patty Melt,5,2022-10-14 10:19:13,true,6.49
Black Bean Burger,5,2022-10-14 17:12:30,true,7.29
Aggie Shakes,5,2022-10-10 22:00:22,true,4.49
Black Bean Burger,3,2022-10-14 07:51:43,true,7.29
French Fries,5,2022-10-09 19:31:45,true,2.69
Aggie Shakes,5,2022-10-14 05:09:42,false,4.49
Black Bean Burger,5,2022-10-10 01:46:36,true,7.29
French Fries,5,2022-10-11 10:37:21,false,2.69
Caesar Salad,2,2022-10-11 13:00:29,true,8.29
Chicken Tenders,1,2022-10-13 12:40:25,false,7.49
Fountain Drink,1,2022-10-09 10:00:55,true,2.45
Bacon Burger,3,2022-10-12 01:10:32,true,7.89
Black Bean Burger,3,2022-10-13 17:10:54,false,7.29
Fountain Drink,5,2022-10-14 06:23:05,true,2.45
French Fries,2,2022-10-11 17:34:11,false,2.69
Caesar Salad,1,2022-10-09 10:26:17,true,8.29
French Fries,3,2022-10-13 23:56:34,true,2.69
Fountain Drink,1,2022-10-12 14:57:51,true,2.45
Gig Em Patty Melt,2,2022-10-14 03:46:13,false,4.69
Chicken Tenders,1,2022-10-14 05:09:19,false,7.49
Classic Hamburger,5,2022-10-12 06:47:45,false,6.49
Caesar Salad,4,2022-10-13 19:18:45,true,8.29
Aggie Shakes,3,2022-10-09 07:03:29,true,4.49
Fountain Drink,1,2022-10-09 16:14:25,true,2.45
Bacon Burger,5,2022-10-12 22:01:29,true,7.89
Aggie Shakes,3,2022-10-13 17:33:31,false,4.49
Classic Hamburger,1,2022-10-14 15:41:22,true,6.49
Ice Cream Cup,4,2022-10-09 13:53:27,false,3.29
Ice Cream Cup,4,2022-10-11 23:35:46,false,3.29
Chicken Tenders,4,2022-10-14 00:14:56,true,7.49
Aggie Shakes,3,2022-10-13 04:45:42,true,4.49
Classic Hamburger,3,2022-10-11 00:27:43,true,6.49
Aggie Shakes,3,2022-10-13 00:48:37,false,4.49
Ice Cream Cup,2,2022-10-12 15:04:49,false,3.29
Chicken Sandwich,3,2022-10-14 02:39:37,false,7.49
Gig Em Patty Melt,5,2022-10-14 10:18:50,true,6.49
French Fries,5,2022-10-09 07:44:31,true,2.69
Fountain Drink,1,2022-10-09 22:59:46,false,2.45
Fountain Drink,4,2022-10-10 17:26:46,false,2.45
Classic Hamburger,2,2022-10-12 09:57:17,false,6.49
Gig Em Patty Melt,2,2022-10-12 17:16:14,true,8.29
Chicken Tenders,2,2022-10-10 01:52:19,false,7.49
Black Bean Burger,1,2022-10-11 04:34:30,false,7.29
Classic Hamburger,3,2022-10-13 22:45:50,true,6.49
Caesar Salad,5,2022-10-12 08:40:56,true,8.29
Gig Em Patty Melt,4,2022-10-12 11:53:00,false,7.49
Black Bean Burger,5,2022-10-13 21:43:49,true,7.29
Bacon Burger,5,2022-10-13 13:41:25,true,7.89
Ice Cream Cup,3,2022-10-12 23:20:50,false,3.29
Cookie Sandwich,3,2022-10-14 14:36:08,false,4.69
Chicken Sandwich,2,2022-10-14 07:39:00,true,7.49
Bacon Burger,5,2022-10-13 20:34:38,true,7.89
Cookie Sandwich,3,2022-10-12 15:03:08,true,4.69
Chicken Sandwich,3,2022-10-13 10:43:01,false,7.49
Chicken Tenders,5,2022-10-14 00:26:07,true,7.49
Chicken Sandwich,2,2022-10-09 17:26:53,false,7.49
Gig Em Patty Melt,1,2022-10-12 05:22:01,false,7.09
Black Bean Burger,1,2022-10-10 08:28:58,true,7.29
Aggie Shakes,1,2022-10-10 07:57:53,false,4.49
Ice Cream Cup,4,2022-10-11 03:44:19,true,3.29
Caesar Salad,5,2022-10-13 22:44:33,true,8.29
Fountain Drink,4,2022-10-12 22:20:21,false,2.45
Classic Hamburger,1,2022-10-12 23:57:39,false,6.49
Chicken Tenders,2,2022-10-14 18:27:56,true,7.49
Gig Em Patty Melt,2,2022-10-11 14:51:34,true,7.49
Chicken Sandwich,2,2022-10-12 19:15:21,true,7.49
Ice Cream Cup,3,2022-10-14 12:16:50,true,3.29
Aggie Shakes,4,2022-10-11 00:26:48,true,4.49
Chicken Sandwich,1,2022-10-14 10:31:39,false,7.49
Cookie Sandwich,1,2022-10-14 15:25:22,false,4.69
Cookie Sandwich,4,2022-10-12 06:21:20,false,4.69
Black Bean Burger,2,2022-10-09 21:46:36,true,7.29
Chicken Sandwich,2,2022-10-13 02:10:26,false,7.49
French Fries,1,2022-10-09 12:37:42,false,2.69
Cookie Sandwich,1,2022-10-13 06:43:07,true,4.69
Caesar Salad,3,2022-10-13 21:50:58,true,8.29
Ice Cream Cup,3,2022-10-13 10:38:27,true,3.29
Gig Em Patty Melt,4,2022-10-13 21:21:11,false,2.69
Chicken Tenders,3,2022-10-11 03:52:10,false,7.49
Chicken Sandwich,5,2022-10-12 09:35:00,false,7.49
French Fries,4,2022-10-12 18:25:00,false,2.69
Fountain Drink,3,2022-10-10 17:41:23,false,2.45
Classic Hamburger,3,2022-10-10 13:29:13,true,6.49
Chicken Tenders,4,2022-10-14 08:13:46,false,7.49
French Fries,5,2022-10-13 05:22:30,false,2.69
Chicken Tenders,2,2022-10-10 21:23:34,false,7.49
Fountain Drink,3,2022-10-14 10:21:10,true,2.45
Black Bean Burger,2,2022-10-11 11:14:16,false,7.29
French Fries,4,2022-10-09 04:15:18,true,2.69
French Fries,4,2022-10-13 13:36:03,true,2.69
Cookie Sandwich,4,2022-10-14 09:55:32,false,4.69
Aggie Shakes,4,2022-10-14 03:15:17,true,4.49
Bacon Burger,4,2022-10-09 01:53:22,true,7.89
French Fries,3,2022-10-09 23:34:25,false,2.69
French Fries,3,2022-10-13 10:52:53,false,2.69
Gig Em Patty Melt,2,2022-10-11 08:48:56,true,8.29
Caesar Salad,5,2022-10-12 01:29:54,true,8.29
Ice Cream Cup,1,2022-10-13 15:43:51,true,3.29
Caesar Salad,4,2022-10-11 22:51:54,false,8.29
Classic Hamburger,4,2022-10-10 06:23:35,true,6.49
Classic Hamburger,1,2022-10-10 15:00:59,false,6.49
Ice Cream Cup,3,2022-10-11 16:54:11,false,3.29
Cookie Sandwich,2,2022-10-09 00:49:19,false,4.69
Classic Hamburger,3,2022-10-13 04:51:41,false,6.49
Ice Cream Cup,1,2022-10-14 11:58:42,false,3.29
Chicken Sandwich,4,2022-10-10 15:29:16,true,7.49
Bacon Burger,1,2022-10-10 23:24:11,false,7.89
Chicken Sandwich,1,2022-10-09 05:04:38,false,7.49
Black Bean Burger,1,2022-10-12 17:19:15,false,7.29
Ice Cream Cup,2,2022-10-13 11:09:05,false,3.29
Black Bean Burger,1,2022-10-12 08:39:30,false,7.29
Chicken Tenders,3,2022-10-09 08:04:14,false,7.49
Aggie Shakes,5,2022-10-10 18:11:37,false,4.49
Caesar Salad,5,2022-10-09 19:04:45,true,8.29
Classic Hamburger,3,2022-10-10 02:02:29,false,6.49
Ice Cream Cup,1,2022-10-12 13:06:12,true,3.29
Bacon Burger,4,2022-10-10 04:10:25,true,7.89
Chicken Tenders,2,2022-10-10 10:14:03,true,7.49
Fountain Drink,3,2022-10-13 06:56:49,true,2.45
Cookie Sandwich,1,2022-10-11 01:21:09,true,4.69
Bacon Burger,5,2022-10-11 22:29:56,false,7.89
Bacon Burger,3,2022-10-13 02:06:24,true,7.89
French Fries,1,2022-10-13 20:16:32,false,2.69
Chicken Tenders,5,2022-10-11 01:59:17,true,7.49
Chicken Sandwich,5,2022-10-13 10:37:40,false,7.49
Gig Em Patty Melt,5,2022-10-14 15:03:16,false,2.69
French Fries,2,2022-10-10 08:28:12,false,2.69
Fountain Drink,1,2022-10-10 05:52:10,true,2.45
Cookie Sandwich,1,2022-10-09 00:27:40,false,4.69
Bacon Burger,4,2022-10-14 09:52:39,true,7.89
Classic Hamburger,4,2022-10-13 07:38:00,false,6.49
Gig Em Patty Melt,1,2022-10-11 00:42:07,true,3.29
French Fries,4,2022-10-10 10:58:32,false,2.69
Gig Em Patty Melt,3,2022-10-14 11:44:42,false,4.49
Fountain Drink,2,2022-10-13 17:49:06,false,2.45
Bacon Burger,2,2022-10-11 18:39:21,false,7.89
Classic Hamburger,2,2022-10-13 05:39:46,true,6.49
Chicken Sandwich,4,2022-10-13 22:13:03,true,7.49
Black Bean Burger,5,2022-10-09 09:02:02,true,7.29
Gig Em Patty Melt,1,2022-10-10 20:18:07,false,2.69
Bacon Burger,3,2022-10-10 21:07:09,false,7.89
Black Bean Burger,3,2022-10-14 06:24:28,false,7.29
Aggie Shakes,2,2022-10-14 11:42:45,false,4.49
Caesar Salad,1,2022-10-11 10:59:38,true,8.29
Caesar Salad,4,2022-10-14 07:34:03,false,8.29
French Fries,3,2022-10-13 10:04:18,true,2.69
Caesar Salad,2,2022-10-14 11:44:45,true,8.29
Chicken Sandwich,5,2022-10-10 10:50:44,true,7.49
Cookie Sandwich,3,2022-10-12 06:02:28,false,4.69
Fountain Drink,5,2022-10-09 16:34:17,true,2.45
Chicken Sandwich,2,2022-10-12 15:35:58,true,7.49
Classic Hamburger,2,2022-10-09 15:04:00,false,6.49
Bacon Burger,3,2022-10-10 14:34:18,true,7.89
Cookie Sandwich,1,2022-10-11 00:25:44,true,4.69
Black Bean Burger,4,2022-10-13 14:12:09,false,7.29
Caesar Salad,1,2022-10-12 11:30:15,false,8.29
Cookie Sandwich,2,2022-10-13 12:08:18,false,4.69
Black Bean Burger,3,2022-10-14 09:27:06,false,7.29
Classic Hamburger,3,2022-10-14 15:41:26,true,6.49
Ice Cream Cup,2,2022-10-11 23:19:21,false,3.29
Ice Cream Cup,5,2022-10-10 23:28:28,true,3.29
French Fries,1,2022-10-11 18:19:33,false,2.69
Chicken Sandwich,1,2022-10-11 07:06:44,false,7.49
Caesar Salad,2,2022-10-13 09:26:22,false,8.29
French Fries,5,2022-10-10 06:09:52,true,2.69
Cookie Sandwich,5,2022-10-12 17:11:35,true,4.69
French Fries,4,2022-10-10 12:20:07,true,2.69
Aggie Shakes,3,2022-10-12 18:50:03,true,4.49
Classic Hamburger,2,2022-10-12 06:29:28,false,6.49
Chicken Tenders,5,2022-10-13 22:28:58,true,7.49
Ice Cream Cup,1,2022-10-09 20:17:22,true,3.29
Caesar Salad,1,2022-10-10 07:20:46,true,8.29
Aggie Shakes,3,2022-10-13 12:29:15,false,4.49
Gig Em Patty Melt,1,2022-10-14 00:00:38,true,7.49
Aggie Shakes,4,2022-10-14 12:01:29,true,4.49
Chicken Sandwich,3,2022-10-09 11:46:36,true,7.49
Bacon Burger,5,2022-10-13 22:59:27,false,7.89
Cookie Sandwich,2,2022-10-12 17:10:58,true,4.69
Cookie Sandwich,4,2022-10-13 22:34:10,false,4.69
Black Bean Burger,2,2022-10-14 20:06:18,true,7.29
Ice Cream Cup,3,2022-10-09 06:21:50,true,3.29
Aggie Shakes,4,2022-10-09 11:42:48,true,4.49
Caesar Salad,4,2022-10-10 18:11:36,true,8.29
Chicken Tenders,2,2022-10-12 17:28:42,false,7.49
Chicken Sandwich,1,2022-10-14 08:31:00,false,7.49
Ice Cream Cup,2,2022-10-14 18:18:55,true,3.29
Fountain Drink,5,2022-10-13 15:33:12,true,2.45
Gig Em Patty Melt,4,2022-10-14 08:11:48,false,7.89
Gig Em Patty Melt,3,2022-10-14 02:20:44,false,3.29
Cookie Sandwich,1,2022-10-14 21:48:33,false,4.69
Classic Hamburger,2,2022-10-09 10:26:12,false,6.49
Ice Cream Cup,1,2022-10-13 19:31:45,false,3.29
Cookie Sandwich,1,2022-10-13 21:13:50,false,4.69
Gig Em Patty Melt,3,2022-10-11 17:53:10,true,3.29
Fountain Drink,2,2022-10-11 00:32:31,true,2.45
Aggie Shakes,3,2022-10-14 11:13:26,false,4.49
Chicken Tenders,5,2022-10-13 17:27:22,false,7.49
Fountain Drink,4,2022-10-14 01:20:21,true,2.45
Chicken Tenders,5,2022-10-13 01:43:59,false,7.49
Cookie Sandwich,2,2022-10-13 10:16:39,false,4.69
Caesar Salad,5,2022-10-12 01:54:06,false,8.29
Classic Hamburger,2,2022-10-11 12:54:08,true,6.49
Chicken Sandwich,4,2022-10-12 02:10:34,false,7.49
Cookie Sandwich,1,2022-10-09 03:15:05,false,4.69
Gig Em Patty Melt,1,2022-10-11 21:42:21,false,7.09
French Fries,3,2022-10-10 22:01:27,true,2.69
Aggie Shakes,4,2022-10-14 06:49:38,false,4.49
Aggie Shakes,5,2022-10-09 23:01:25,false,4.49
Chicken Tenders,2,2022-10-12 13:32:51,false,7.49
Gig Em Patty Melt,4,2022-10-14 07:23:24,false,7.49
French Fries,3,2022-10-10 03:19:01,false,2.69
Bacon Burger,5,2022-10-14 15:22:42,false,7.89
Black Bean Burger,5,2022-10-10 15:38:51,true,7.29
French Fries,2,2022-10-09 08:48:01,false,2.69
Caesar Salad,2,2022-10-13 21:06:15,false,8.29
Chicken Sandwich,4,2022-10-10 21:41:14,false,7.49
Cookie Sandwich,4,2022-10-10 06:57:49,true,4.69
Bacon Burger,5,2022-10-11 17:49:09,true,7.89
Aggie Shakes,1,2022-10-14 17:49:10,true,4.49
Bacon Burger,1,2022-10-14 22:39:54,true,7.89
Fountain Drink,5,2022-10-13 20:40:22,false,2.45
French Fries,1,2022-10-14 23:42:25,true,2.69
Fountain Drink,2,2022-10-10 05:43:17,true,2.45
Classic Hamburger,2,2022-10-11 09:13:11,false,6.49
Caesar Salad,1,2022-10-11 22:55:46,true,8.29
Classic Hamburger,2,2022-10-13 13:09:23,false,6.49
French Fries,5,2022-10-13 08:22:43,true,2.69
Black Bean Burger,2,2022-10-11 05:51:55,false,7.29
Gig Em Patty Melt,1,2022-10-10 04:58:33,false,7.49
Chicken Tenders,5,2022-10-14 09:53:57,true,7.49
Chicken Tenders,1,2022-10-14 09:09:18,true,7.49
Chicken Sandwich,4,2022-10-14 11:06:20,true,7.49
Caesar Salad,2,2022-10-14 00:45:31,false,8.29
Ice Cream Cup,2,2022-10-09 12:16:10,false,3.29
Chicken Tenders,3,2022-10-09 08:59:22,false,7.49
Chicken Sandwich,3,2022-10-11 08:47:11,true,7.49
Gig Em Patty Melt,1,2022-10-13 17:23:03,false,7.49
Ice Cream Cup,5,2022-10-09 04:57:23,true,3.29
Aggie Shakes,1,2022-10-13 21:27:28,true,4.49
Ice Cream Cup,2,2022-10-12 12:11:44,false,3.29
Black Bean Burger,2,2022-10-09 23:15:23,false,7.29
Black Bean Burger,3,2022-10-12 11:03:18,true,7.29
Black Bean Burger,2,2022-10-09 04:44:12,false,7.29
Classic Hamburger,2,2022-10-12 16:50:15,true,6.49
Cookie Sandwich,2,2022-10-13 15:39:40,true,4.69
Black Bean Burger,5,2022-10-14 15:51:04,false,7.29
Bacon Burger,3,2022-10-13 20:54:54,true,7.89
Cookie Sandwich,4,2022-10-12 23:19:09,true,4.69
Black Bean Burger,3,2022-10-11 13:07:13,false,7.29
Chicken Tenders,1,2022-10-14 21:56:28,false,7.49
Chicken Sandwich,4,2022-10-10 22:54:31,false,7.49
Classic Hamburger,3,2022-10-09 06:34:32,true,6.49
Aggie Shakes,4,2022-10-10 20:04:37,true,4.49
Chicken Sandwich,5,2022-10-13 09:13:57,true,7.49
Bacon Burger,3,2022-10-09 02:11:41,false,7.89
Gig Em Patty Melt,3,2022-10-11 19:39:34,true,2.45
Ice Cream Cup,5,2022-10-09 20:47:37,false,3.29
Ice Cream Cup,1,2022-10-12 00:51:53,true,3.29
Cookie Sandwich,1,2022-10-12 00:23:48,false,4.69
French Fries,2,2022-10-09 08:10:56,true,2.69
Bacon Burger,3,2022-10-09 05:19:02,false,7.89
French Fries,2,2022-10-10 07:38:03,true,2.69
Black Bean Burger,3,2022-10-11 03:28:28,true,7.29
French Fries,4,2022-10-11 23:21:05,true,2.69
Black Bean Burger,2,2022-10-09 18:12:37,false,7.29
Classic Hamburger,3,2022-10-12 13:39:06,false,6.49
Cookie Sandwich,4,2022-10-13 19:15:26,false,4.69
Aggie Shakes,1,2022-10-14 10:39:09,true,4.49
Chicken Sandwich,4,2022-10-11 10:05:52,false,7.49
Classic Hamburger,3,2022-10-11 10:00:16,true,6.49
Black Bean Burger,2,2022-10-09 10:54:35,false,7.29
Aggie Shakes,5,2022-10-13 10:07:11,false,4.49
Chicken Sandwich,1,2022-10-12 15:14:16,true,7.49
Classic Hamburger,1,2022-10-11 10:39:37,false,6.49
Fountain Drink,2,2022-10-13 19:07:00,true,2.45
Fountain Drink,1,2022-10-11 11:16:35,false,2.45
Classic Hamburger,2,2022-10-09 06:03:31,true,6.49
Black Bean Burger,3,2022-10-09 05:36:47,false,7.29
Cookie Sandwich,1,2022-10-13 08:10:05,true,4.69
Aggie Shakes,4,2022-10-13 08:38:08,false,4.49
Bacon Burger,3,2022-10-13 05:39:12,true,7.89
Chicken Tenders,2,2022-10-13 04:28:56,true,7.49
Ice Cream Cup,5,2022-10-14 22:40:27,false,3.29
Gig Em Patty Melt,3,2022-10-10 08:14:30,true,7.49
Ice Cream Cup,3,2022-10-11 14:00:54,true,3.29
Chicken Tenders,2,2022-10-13 12:50:55,false,7.49
Gig Em Patty Melt,1,2022-10-09 00:36:53,true,4.49
Chicken Sandwich,1,2022-10-12 18:54:04,true,7.49
Gig Em Patty Melt,5,2022-10-11 01:00:07,true,7.29
Bacon Burger,3,2022-10-11 05:09:09,false,7.89
Caesar Salad,3,2022-10-14 08:19:01,true,8.29
Aggie Shakes,2,2022-10-11 19:15:05,false,4.49
Caesar Salad,2,2022-10-13 10:10:52,true,8.29
Cookie Sandwich,2,2022-10-09 14:34:41,true,4.69
Fountain Drink,3,2022-10-11 04:29:09,true,2.45
Chicken Tenders,2,2022-10-11 01:28:19,false,7.49
Aggie Shakes,3,2022-10-10 11:23:08,false,4.49
French Fries,3,2022-10-13 06:35:53,true,2.69
Bacon Burger,5,2022-10-09 03:58:41,true,7.89
Fountain Drink,2,2022-10-09 12:01:53,false,2.45
Ice Cream Cup,4,2022-10-12 10:31:46,true,3.29
Black Bean Burger,1,2022-10-10 00:47:07,true,7.29
Bacon Burger,3,2022-10-14 15:06:15,true,7.89
Chicken Sandwich,4,2022-10-09 07:30:02,true,7.49
Ice Cream Cup,1,2022-10-11 22:38:12,false,3.29
Classic Hamburger,5,2022-10-11 19:33:44,true,6.49
French Fries,3,2022-10-13 18:11:06,true,2.69
Chicken Tenders,5,2022-10-10 12:52:52,true,7.49
Ice Cream Cup,1,2022-10-13 18:55:39,false,3.29
Bacon Burger,5,2022-10-10 22:03:26,true,7.89
Aggie Shakes,5,2022-10-14 06:32:12,false,4.49
Chicken Tenders,5,2022-10-13 05:40:19,true,7.49
Gig Em Patty Melt,2,2022-10-10 00:22:27,true,7.09
Gig Em Patty Melt,2,2022-10-14 06:57:04,false,7.29
Black Bean Burger,2,2022-10-11 02:03:43,true,7.29
Chicken Tenders,3,2022-10-09 15:28:40,false,7.49
Gig Em Patty Melt,2,2022-10-10 19:35:38,true,7.09
Gig Em Patty Melt,4,2022-10-12 17:00:22,true,3.29
Bacon Burger,4,2022-10-09 08:55:10,false,7.89
Black Bean Burger,4,2022-10-14 06:59:23,false,7.29
Black Bean Burger,5,2022-10-12 10:55:29,true,7.29
Chicken Tenders,4,2022-10-11 21:44:24,false,7.49
Chicken Tenders,4,2022-10-11 10:29:47,true,7.49
Black Bean Burger,2,2022-10-09 10:07:48,true,7.29
Cookie Sandwich,4,2022-10-13 18:05:03,true,4.69
Cookie Sandwich,4,2022-10-14 10:46:07,false,4.69
Cookie Sandwich,3,2022-10-12 06:28:02,true,4.69
Caesar Salad,5,2022-10-11 03:42:22,true,8.29
Gig Em Patty Melt,1,2022-10-11 08:07:50,true,8.29
Ice Cream Cup,5,2022-10-10 07:40:54,true,3.29
Classic Hamburger,2,2022-10-09 16:30:52,false,6.49
Black Bean Burger,1,2022-10-14 11:17:34,false,7.29
Black Bean Burger,3,2022-10-10 18:57:07,false,7.29
Chicken Sandwich,2,2022-10-11 21:24:40,false,7.49
Black Bean Burger,5,2022-10-14 22:35:20,false,7.29
Aggie Shakes,1,2022-10-14 23:12:54,false,4.49
Ice Cream Cup,2,2022-10-12 16:55:49,false,3.29
Black Bean Burger,4,2022-10-11 16:35:02,true,7.29
Fountain Drink,5,2022-10-12 13:53:24,false,2.45
Black Bean Burger,3,2022-10-09 09:34:02,false,7.29
Chicken Tenders,5,2022-10-14 04:15:05,false,7.49
Cookie Sandwich,4,2022-10-11 05:26:11,false,4.69
Cookie Sandwich,1,2022-10-11 09:28:37,true,4.69
Black Bean Burger,3,2022-10-09 22:05:42,true,7.29
Chicken Sandwich,5,2022-10-13 02:42:40,false,7.49
Aggie Shakes,3,2022-10-12 06:58:24,false,4.49
Fountain Drink,5,2022-10-11 14:06:41,true,2.45
Black Bean Burger,5,2022-10-10 09:48:02,false,7.29
Black Bean Burger,4,2022-10-14 07:22:44,true,7.29
Classic Hamburger,2,2022-10-10 20:45:19,true,6.49
Ice Cream Cup,3,2022-10-13 03:23:13,false,3.29
Cookie Sandwich,3,2022-10-14 13:41:22,true,4.69
Bacon Burger,2,2022-10-10 10:45:03,true,7.89
Caesar Salad,1,2022-10-11 22:29:46,true,8.29
Aggie Shakes,4,2022-10-14 07:26:55,false,4.49
Chicken Sandwich,5,2022-10-13 14:48:51,true,7.49
Black Bean Burger,1,2022-10-11 15:33:23,true,7.29
Fountain Drink,5,2022-10-09 20:17:54,false,2.45
Cookie Sandwich,4,2022-10-09 14:55:02,true,4.69
Fountain Drink,5,2022-10-12 10:36:35,true,2.45
Chicken Tenders,3,2022-10-14 03:40:44,true,7.49
Fountain Drink,3,2022-10-10 03:32:55,false,2.45
Bacon Burger,2,2022-10-11 15:04:41,true,7.89
French Fries,2,2022-10-14 02:45:19,false,2.69
Black Bean Burger,4,2022-10-10 01:47:33,true,7.29
Bacon Burger,5,2022-10-09 01:26:11,false,7.89
Gig Em Patty Melt,2,2022-10-09 18:43:14,true,2.69
Black Bean Burger,5,2022-10-13 02:44:14,false,7.29
Black Bean Burger,5,2022-10-12 21:34:05,false,7.29
Gig Em Patty Melt,5,2022-10-10 06:20:38,false,7.29
Gig Em Patty Melt,4,2022-10-11 18:25:34,true,7.49
Aggie Shakes,1,2022-10-09 19:35:45,false,4.49
Chicken Tenders,3,2022-10-12 08:48:33,true,7.49
Black Bean Burger,3,2022-10-14 19:02:07,true,7.29
French Fries,3,2022-10-10 19:50:03,true,2.69
Gig Em Patty Melt,3,2022-10-10 10:13:47,true,2.69
Ice Cream Cup,2,2022-10-13 02:38:02,true,3.29
Aggie Shakes,1,2022-10-12 10:42:56,true,4.49
Classic Hamburger,4,2022-10-09 11:44:02,true,6.49
Chicken Tenders,3,2022-10-11 13:33:11,false,7.49
French Fries,5,2022-10-11 06:20:38,false,2.69
Chicken Sandwich,3,2022-10-13 16:39:26,false,7.49
Caesar Salad,1,2022-10-13 00:38:59,false,8.29
Gig Em Patty Melt,5,2022-10-11 19:08:31,false,7.89
Cookie Sandwich,5,2022-10-13 16:04:10,false,4.69
Chicken Tenders,5,2022-10-13 02:27:32,true,7.49
Gig Em Patty Melt,1,2022-10-14 21:42:27,true,8.29
Chicken Tenders,4,2022-10-11 03:22:36,true,7.49
Aggie Shakes,4,2022-10-12 10:29:09,false,4.49
Bacon Burger,5,2022-10-10 15:26:03,true,7.89
Bacon Burger,5,2022-10-14 11:09:29,true,7.89
Caesar Salad,3,2022-10-11 07:03:39,false,8.29
Bacon Burger,4,2022-10-09 17:15:38,false,7.89
Bacon Burger,4,2022-10-14 09:23:21,true,7.89
Bacon Burger,5,2022-10-10 20:51:10,false,7.89
Fountain Drink,4,2022-10-12 23:32:44,false,2.45
Gig Em Patty Melt,3,2022-10-10 00:52:04,true,7.09
Classic Hamburger,3,2022-10-11 08:04:06,true,6.49
Ice Cream Cup,4,2022-10-09 10:41:30,false,3.29
Aggie Shakes,1,2022-10-13 07:27:04,true,4.49
Chicken Sandwich,2,2022-10-10 00:22:39,false,7.49
Fountain Drink,1,2022-10-10 07:37:19,false,2.45
Fountain Drink,5,2022-10-13 10:59:44,false,2.45
Fountain Drink,4,2022-10-09 17:11:20,true,2.45
Ice Cream Cup,3,2022-10-10 12:11:05,false,3.29
Ice Cream Cup,3,2022-10-12 22:50:46,true,3.29
Cookie Sandwich,3,2022-10-10 06:20:13,false,4.69
Classic Hamburger,2,2022-10-09 17:49:50,true,6.49
French Fries,4,2022-10-13 00:23:54,true,2.69
Chicken Tenders,1,2022-10-10 23:34:17,false,7.49
Bacon Burger,3,2022-10-14 16:56:12,true,7.89
Ice Cream Cup,3,2022-10-14 21:54:44,true,3.29
Cookie Sandwich,2,2022-10-10 02:15:53,false,4.69
Classic Hamburger,2,2022-10-12 17:50:23,false,6.49
Ice Cream Cup,1,2022-10-09 16:22:46,false,3.29
Caesar Salad,1,2022-10-12 10:01:29,true,8.29
Black Bean Burger,5,2022-10-13 14:52:57,false,7.29
Caesar Salad,3,2022-10-13 09:20:22,false,8.29
Aggie Shakes,5,2022-10-12 17:27:18,true,4.49
Aggie Shakes,5,2022-10-13 00:27:54,true,4.49
Ice Cream Cup,5,2022-10-10 12:05:08,true,3.29
Bacon Burger,3,2022-10-14 15:13:32,false,7.89
Aggie Shakes,5,2022-10-09 05:13:14,true,4.49
Aggie Shakes,3,2022-10-13 08:57:17,true,4.49
Caesar Salad,1,2022-10-11 21:00:59,false,8.29
Gig Em Patty Melt,3,2022-10-11 18:04:53,true,3.29
Ice Cream Cup,2,2022-10-11 13:41:04,true,3.29
French Fries,5,2022-10-12 00:10:14,true,2.69
Caesar Salad,2,2022-10-10 11:12:46,true,8.29
Caesar Salad,3,2022-10-10 07:56:03,true,8.29
Chicken Tenders,2,2022-10-13 08:16:31,true,7.49
Black Bean Burger,5,2022-10-12 05:12:40,true,7.29
Ice Cream Cup,1,2022-10-10 09:00:11,true,3.29
Ice Cream Cup,5,2022-10-09 14:04:32,true,3.29
Chicken Sandwich,3,2022-10-11 23:13:48,false,7.49
Classic Hamburger,5,2022-10-12 06:31:58,true,6.49
French Fries,5,2022-10-12 18:22:24,true,2.69
French Fries,2,2022-10-11 18:05:14,false,2.69
Caesar Salad,4,2022-10-12 08:22:43,false,8.29
Chicken Sandwich,4,2022-10-14 18:27:23,true,7.49
Caesar Salad,4,2022-10-11 14:12:31,true,8.29
Chicken Sandwich,5,2022-10-13 20:00:08,false,7.49
Classic Hamburger,2,2022-10-14 16:16:24,true,6.49
Caesar Salad,4,2022-10-12 11:17:34,true,8.29
Aggie Shakes,4,2022-10-11 12:42:23,false,4.49
Cookie Sandwich,2,2022-10-10 06:28:49,false,4.69
Bacon Burger,2,2022-10-12 16:07:07,false,7.89
Aggie Shakes,5,2022-10-14 02:34:06,false,4.49
Black Bean Burger,5,2022-10-12 01:23:55,false,7.29
Cookie Sandwich,3,2022-10-11 16:59:06,false,4.69
Black Bean Burger,1,2022-10-12 03:32:09,false,7.29
Ice Cream Cup,4,2022-10-10 07:48:53,false,3.29
Fountain Drink,4,2022-10-11 14:00:42,false,2.45
Ice Cream Cup,5,2022-10-09 15:13:50,false,3.29
Gig Em Patty Melt,4,2022-10-12 20:20:35,false,3.29
French Fries,3,2022-10-10 04:43:02,false,2.69
Chicken Tenders,5,2022-10-09 11:22:34,false,7.49
Ice Cream Cup,1,2022-10-13 13:19:53,true,3.29
Chicken Sandwich,3,2022-10-13 07:03:49,true,7.49
Chicken Sandwich,2,2022-10-10 17:39:47,false,7.49
Classic Hamburger,2,2022-10-10 12:46:57,false,6.49
Caesar Salad,3,2022-10-11 18:49:40,true,8.29
French Fries,5,2022-10-10 04:15:21,false,2.69
Ice Cream Cup,2,2022-10-13 18:05:38,false,3.29
Aggie Shakes,4,2022-10-10 05:04:57,true,4.49
Aggie Shakes,2,2022-10-10 12:06:02,true,4.49
Black Bean Burger,4,2022-10-10 05:41:43,false,7.29
Fountain Drink,2,2022-10-12 02:58:55,true,2.45
Chicken Sandwich,4,2022-10-13 04:38:16,false,7.49
French Fries,1,2022-10-10 17:43:17,false,2.69
Chicken Tenders,5,2022-10-10 12:59:04,false,7.49
Black Bean Burger,1,2022-10-09 18:52:32,true,7.29
Black Bean Burger,4,2022-10-09 20:42:06,true,7.29
French Fries,5,2022-10-09 00:05:27,true,2.69
Ice Cream Cup,1,2022-10-12 05:06:42,false,3.29
Chicken Sandwich,5,2022-10-13 23:57:21,false,7.49
Ice Cream Cup,4,2022-10-10 09:32:00,true,3.29
Fountain Drink,3,2022-10-12 23:02:04,false,2.45
Chicken Tenders,4,2022-10-11 06:39:53,false,7.49
Classic Hamburger,2,2022-10-09 17:10:35,true,6.49
Black Bean Burger,5,2022-10-09 19:56:56,true,7.29
Chicken Sandwich,5,2022-10-09 19:28:18,true,7.49
Cookie Sandwich,4,2022-10-11 00:17:34,false,4.69
Aggie Shakes,5,2022-10-09 12:04:45,false,4.49
Cookie Sandwich,2,2022-10-12 21:00:31,false,4.69
Classic Hamburger,3,2022-10-13 23:04:43,false,6.49
French Fries,4,2022-10-09 21:58:08,false,2.69
Chicken Tenders,2,2022-10-09 05:02:33,true,7.49
Cookie Sandwich,3,2022-10-13 07:42:10,false,4.69
Classic Hamburger,2,2022-10-14 08:02:43,false,6.49
Cookie Sandwich,4,2022-10-13 13:27:27,false,4.69
Chicken Sandwich,2,2022-10-10 22:07:14,false,7.49
Black Bean Burger,5,2022-10-13 08:02:29,false,7.29
Fountain Drink,2,2022-10-14 07:40:42,true,2.45
Chicken Tenders,5,2022-10-12 15:02:05,true,7.49
French Fries,3,2022-10-11 13:06:38,true,2.69
Cookie Sandwich,2,2022-10-14 09:02:03,false,4.69
Black Bean Burger,2,2022-10-14 07:00:58,true,7.29
Bacon Burger,5,2022-10-11 18:34:51,true,7.89
Black Bean Burger,1,2022-10-12 11:20:42,false,7.29
Cookie Sandwich,3,2022-10-10 03:10:09,true,4.69
Classic Hamburger,2,2022-10-11 11:00:40,false,6.49
Fountain Drink,4,2022-10-12 14:57:55,true,2.45
Fountain Drink,2,2022-10-12 08:23:18,true,2.45
Ice Cream Cup,2,2022-10-09 09:33:03,false,3.29
Gig Em Patty Melt,2,2022-10-14 21:02:19,false,4.49
Ice Cream Cup,3,2022-10-13 05:12:17,true,3.29
Aggie Shakes,2,2022-10-12 11:53:33,true,4.49
Bacon Burger,3,2022-10-13 04:30:29,false,7.89
Classic Hamburger,5,2022-10-09 12:55:01,false,6.49
Cookie Sandwich,4,2022-10-14 01:27:21,false,4.69
Chicken Tenders,2,2022-10-13 22:51:57,false,7.49
French Fries,2,2022-10-14 11:53:09,true,2.69
Classic Hamburger,1,2022-10-14 15:39:34,false,6.49
Chicken Sandwich,5,2022-10-10 02:16:25,false,7.49
Chicken Tenders,2,2022-10-11 13:26:00,true,7.49
Classic Hamburger,3,2022-10-13 19:04:22,false,6.49
Chicken Sandwich,5,2022-10-09 15:21:51,true,7.49
Caesar Salad,2,2022-10-13 01:49:49,false,8.29
Chicken Tenders,4,2022-10-13 02:31:01,false,7.49
Fountain Drink,5,2022-10-10 10:21:57,true,2.45
Chicken Tenders,2,2022-10-11 07:52:44,false,7.49
Chicken Sandwich,1,2022-10-12 21:31:51,false,7.49
Gig Em Patty Melt,5,2022-10-09 06:48:51,true,2.45
Black Bean Burger,4,2022-10-10 16:36:22,false,7.29
Classic Hamburger,4,2022-10-12 11:38:34,true,6.49
Fountain Drink,1,2022-10-12 21:27:00,true,2.45
Cookie Sandwich,2,2022-10-12 14:49:58,false,4.69
Chicken Tenders,5,2022-10-14 21:23:47,true,7.49
Chicken Tenders,3,2022-10-10 02:34:54,true,7.49
Classic Hamburger,5,2022-10-09 07:25:30,false,6.49
Classic Hamburger,2,2022-10-09 15:15:29,true,6.49
Cookie Sandwich,2,2022-10-12 11:39:39,false,4.69
Chicken Tenders,4,2022-10-12 22:06:11,false,7.49
Bacon Burger,1,2022-10-11 14:27:38,true,7.89
Classic Hamburger,3,2022-10-13 17:12:52,false,6.49
Caesar Salad,3,2022-10-14 16:20:06,false,8.29
Fountain Drink,1,2022-10-10 12:35:18,true,2.45
Gig Em Patty Melt,2,2022-10-10 23:22:11,false,7.09
Black Bean Burger,5,2022-10-13 22:40:25,false,7.29
Chicken Sandwich,2,2022-10-11 02:25:27,true,7.49
Cookie Sandwich,2,2022-10-12 00:19:26,false,4.69
Caesar Salad,5,2022-10-14 17:57:34,false,8.29
Chicken Sandwich,2,2022-10-11 13:33:16,true,7.49
Caesar Salad,3,2022-10-13 05:29:37,true,8.29
French Fries,1,2022-10-12 16:46:20,false,2.69
Ice Cream Cup,5,2022-10-10 12:39:21,true,3.29
Ice Cream Cup,3,2022-10-12 00:39:30,true,3.29
Gig Em Patty Melt,4,2022-10-09 11:52:05,false,4.49
Classic Hamburger,1,2022-10-13 02:48:14,true,6.49
Chicken Tenders,1,2022-10-13 22:34:22,true,7.49
Ice Cream Cup,2,2022-10-14 12:09:48,true,3.29
Black Bean Burger,4,2022-10-11 00:48:14,false,7.29
Aggie Shakes,1,2022-10-12 04:06:25,false,4.49
Fountain Drink,3,2022-10-10 20:35:32,true,2.45
French Fries,3,2022-10-09 03:17:51,true,2.69
Cookie Sandwich,2,2022-10-13 22:47:48,true,4.69
Bacon Burger,1,2022-10-13 16:21:05,false,7.89
Ice Cream Cup,5,2022-10-13 18:07:00,false,3.29
French Fries,3,2022-10-12 12:33:47,true,2.69
Cookie Sandwich,3,2022-10-13 12:28:09,true,4.69
Classic Hamburger,4,2022-10-14 03:29:47,true,6.49
Aggie Shakes,4,2022-10-14 11:40:54,true,4.49
Chicken Sandwich,3,2022-10-09 11:41:24,false,7.49
Chicken Sandwich,3,2022-10-12 08:15:02,false,7.49
Ice Cream Cup,2,2022-10-13 01:11:25,true,3.29
Classic Hamburger,5,2022-10-10 15:52:19,true,6.49
Fountain Drink,4,2022-10-09 18:37:25,true,2.45
Aggie Shakes,2,2022-10-09 12:38:22,true,4.49
Caesar Salad,1,2022-10-14 04:49:41,false,8.29
Chicken Sandwich,4,2022-10-11 17:53:17,false,7.49
Chicken Tenders,2,2022-10-13 20:28:31,false,7.49
Bacon Burger,4,2022-10-13 00:39:54,true,7.89
Classic Hamburger,1,2022-10-10 21:53:41,false,6.49
Fountain Drink,5,2022-10-13 19:18:14,true,2.45
French Fries,2,2022-10-10 03:04:18,false,2.69
Bacon Burger,2,2022-10-14 08:34:14,true,7.89
Caesar Salad,4,2022-10-12 06:39:23,false,8.29
Chicken Tenders,5,2022-10-11 05:22:22,false,7.49
Chicken Sandwich,2,2022-10-14 03:49:09,false,7.49
Black Bean Burger,5,2022-10-09 03:19:55,false,7.29
French Fries,5,2022-10-09 00:33:59,true,2.69
Fountain Drink,5,2022-10-13 21:41:13,true,2.45
Chicken Tenders,4,2022-10-14 23:19:14,false,7.49
Gig Em Patty Melt,3,2022-10-14 07:55:04,true,7.89
Gig Em Patty Melt,1,2022-10-13 12:04:59,true,8.29
Caesar Salad,2,2022-10-12 02:03:48,false,8.29
Caesar Salad,3,2022-10-10 23:12:13,false,8.29
French Fries,3,2022-10-13 09:45:23,true,2.69
Ice Cream Cup,1,2022-10-14 05:33:53,false,3.29
Ice Cream Cup,2,2022-10-14 21:19:43,true,3.29
Classic Hamburger,3,2022-10-14 04:44:52,false,6.49
Cookie Sandwich,3,2022-10-10 02:22:31,true,4.69
Aggie Shakes,3,2022-10-10 04:46:56,true,4.49
Chicken Tenders,5,2022-10-09 15:34:56,true,7.49
Classic Hamburger,2,2022-10-12 02:03:52,true,6.49
Aggie Shakes,4,2022-10-12 20:12:52,false,4.49
Black Bean Burger,3,2022-10-10 07:08:49,true,7.29
Caesar Salad,2,2022-10-13 07:27:59,true,8.29
Cookie Sandwich,2,2022-10-10 05:58:16,false,4.69
Cookie Sandwich,1,2022-10-14 15:53:22,false,4.69
Chicken Sandwich,1,2022-10-11 01:40:42,false,7.49
Fountain Drink,1,2022-10-11 10:25:26,false,2.45
Classic Hamburger,2,2022-10-10 02:29:27,false,6.49
Chicken Sandwich,4,2022-10-10 05:39:27,true,7.49
Gig Em Patty Melt,2,2022-10-13 19:12:34,true,7.49
Cookie Sandwich,1,2022-10-13 09:02:42,true,4.69
French Fries,5,2022-10-10 17:26:44,true,2.69
Fountain Drink,4,2022-10-13 00:51:54,false,2.45
Ice Cream Cup,1,2022-10-10 02:38:28,true,3.29
French Fries,3,2022-10-09 20:52:51,true,2.69
Caesar Salad,4,2022-10-10 01:55:38,false,8.29
Chicken Sandwich,4,2022-10-14 11:00:04,true,7.49
Caesar Salad,3,2022-10-14 21:50:32,false,8.29
Classic Hamburger,2,2022-10-13 05:42:38,false,6.49
Classic Hamburger,5,2022-10-09 20:55:34,true,6.49
Gig Em Patty Melt,4,2022-10-09 10:21:51,true,7.49
Chicken Tenders,3,2022-10-09 03:39:05,true,7.49
Chicken Sandwich,3,2022-10-11 02:10:53,false,7.49
Chicken Sandwich,1,2022-10-10 12:00:22,false,7.49
Black Bean Burger,3,2022-10-11 13:57:03,true,7.29
Classic Hamburger,2,2022-10-11 20:38:32,true,6.49
Caesar Salad,2,2022-10-12 02:50:04,false,8.29
Ice Cream Cup,5,2022-10-11 21:42:25,true,3.29
Black Bean Burger,4,2022-10-10 07:00:32,false,7.29
Ice Cream Cup,4,2022-10-12 09:24:24,true,3.29
Chicken Tenders,5,2022-10-14 12:35:20,false,7.49
Caesar Salad,2,2022-10-13 18:26:17,true,8.29
Classic Hamburger,3,2022-10-13 21:37:18,true,6.49
Cookie Sandwich,1,2022-10-09 21:24:42,false,4.69
Bacon Burger,4,2022-10-14 23:30:54,false,7.89
Classic Hamburger,1,2022-10-14 02:07:51,false,6.49
Classic Hamburger,3,2022-10-09 05:47:02,false,6.49
Bacon Burger,4,2022-10-09 21:09:32,true,7.89
Bacon Burger,5,2022-10-09 12:24:34,true,7.89
Chicken Tenders,1,2022-10-11 00:47:37,false,7.49
Ice Cream Cup,3,2022-10-12 23:25:57,true,3.29
Cookie Sandwich,1,2022-10-13 07:08:23,true,4.69
Caesar Salad,3,2022-10-09 01:58:50,true,8.29
Fountain Drink,4,2022-10-09 15:55:01,true,2.45
Bacon Burger,1,2022-10-12 09:02:22,true,7.89
Caesar Salad,1,2022-10-12 10:19:11,true,8.29
Black Bean Burger,5,2022-10-11 02:08:01,true,7.29
Classic Hamburger,1,2022-10-14 16:00:05,true,6.49
Classic Hamburger,2,2022-10-13 03:55:35,true,6.49
French Fries,1,2022-10-14 20:59:27,true,2.69
Aggie Shakes,4,2022-10-14 10:25:38,false,4.49
Ice Cream Cup,3,2022-10-13 17:34:50,true,3.29
Gig Em Patty Melt,2,2022-10-14 02:51:36,false,8.29
Caesar Salad,3,2022-10-09 15:48:18,true,8.29
French Fries,5,2022-10-11 01:05:11,true,2.69
Cookie Sandwich,1,2022-10-11 02:02:34,true,4.69
Fountain Drink,2,2022-10-11 04:58:05,false,2.45
Chicken Sandwich,1,2022-10-14 22:01:33,true,7.49
Black Bean Burger,3,2022-10-10 09:57:16,false,7.29
Chicken Sandwich,1,2022-10-09 18:13:22,true,7.49
Classic Hamburger,5,2022-10-11 15:14:51,true,6.49
Black Bean Burger,4,2022-10-13 23:59:03,false,7.29
Caesar Salad,3,2022-10-09 05:09:31,false,8.29
Gig Em Patty Melt,3,2022-10-11 04:12:00,true,7.89
Chicken Sandwich,3,2022-10-11 23:58:40,true,7.49
Black Bean Burger,5,2022-10-12 19:39:41,false,7.29
Bacon Burger,1,2022-10-12 20:43:23,false,7.89
Fountain Drink,5,2022-10-09 20:35:22,false,2.45
Classic Hamburger,1,2022-10-10 06:45:34,false,6.49
Ice Cream Cup,2,2022-10-13 21:49:16,true,3.29
Gig Em Patty Melt,5,2022-10-11 04:43:59,false,7.49
Black Bean Burger,5,2022-10-14 13:28:19,true,7.29
Caesar Salad,4,2022-10-13 08:45:21,false,8.29
Classic Hamburger,4,2022-10-09 22:28:43,false,6.49
Ice Cream Cup,1,2022-10-12 02:16:35,false,3.29
Ice Cream Cup,1,2022-10-09 12:44:52,false,3.29
Chicken Tenders,5,2022-10-13 15:44:24,false,7.49
Chicken Sandwich,1,2022-10-11 01:47:55,true,7.49
Caesar Salad,3,2022-10-10 17:22:03,false,8.29
Cookie Sandwich,2,2022-10-12 13:18:22,false,4.69
Ice Cream Cup,4,2022-10-10 00:30:51,true,3.29
Fountain Drink,3,2022-10-09 14:16:27,false,2.45
Ice Cream Cup,4,2022-10-13 07:16:12,false,3.29
Black Bean Burger,1,2022-10-13 19:59:15,true,7.29
Chicken Sandwich,5,2022-10-13 01:42:07,true,7.49
Chicken Tenders,2,2022-10-10 00:32:59,true,7.49
Cookie Sandwich,5,2022-10-11 15:44:18,false,4.69
Ice Cream Cup,3,2022-10-09 03:19:04,false,3.29
Aggie Shakes,1,2022-10-12 22:37:06,true,4.49
French Fries,5,2022-10-14 01:24:25,false,2.69
Gig Em Patty Melt,1,2022-10-11 10:18:56,false,7.49
Bacon Burger,1,2022-10-13 17:48:32,false,7.89
Fountain Drink,3,2022-10-10 07:32:31,false,2.45
Classic Hamburger,3,2022-10-14 02:46:26,false,6.49
Bacon Burger,3,2022-10-12 17:40:17,false,7.89
Black Bean Burger,5,2022-10-14 08:37:27,true,7.29
Cookie Sandwich,2,2022-10-09 00:18:27,false,4.69
French Fries,2,2022-10-11 09:45:03,true,2.69
Gig Em Patty Melt,4,2022-10-14 07:35:32,true,7.49
Chicken Tenders,3,2022-10-12 17:29:09,false,7.49
Gig Em Patty Melt,4,2022-10-09 06:44:08,false,8.29
French Fries,2,2022-10-13 12:09:53,false,2.69
French Fries,2,2022-10-11 19:56:28,true,2.69
Aggie Shakes,5,2022-10-10 20:00:24,false,4.49
Bacon Burger,1,2022-10-09 12:17:06,false,7.89
Chicken Tenders,4,2022-10-10 04:48:26,false,7.49
Caesar Salad,5,2022-10-13 09:48:33,true,8.29
Black Bean Burger,3,2022-10-14 15:36:53,false,7.29
Aggie Shakes,3,2022-10-12 13:07:15,true,4.49
Aggie Shakes,3,2022-10-10 20:44:36,true,4.49
Aggie Shakes,4,2022-10-13 15:48:17,true,4.49
Chicken Sandwich,2,2022-10-11 22:46:04,false,7.49
Aggie Shakes,4,2022-10-09 15:06:55,true,4.49
Classic Hamburger,2,2022-10-09 01:10:57,true,6.49
Caesar Salad,4,2022-10-14 07:14:46,true,8.29
Fountain Drink,2,2022-10-09 14:07:16,false,2.45
Gig Em Patty Melt,5,2022-10-13 22:54:37,true,8.29
Black Bean Burger,3,2022-10-14 01:26:51,true,7.29
Classic Hamburger,5,2022-10-11 15:37:04,true,6.49
Bacon Burger,2,2022-10-10 07:29:10,false,7.89
Chicken Tenders,2,2022-10-11 06:47:23,true,7.49
Bacon Burger,1,2022-10-10 10:23:43,false,7.89
Cookie Sandwich,3,2022-10-12 15:31:45,false,4.69
Black Bean Burger,1,2022-10-14 10:47:55,true,7.29
French Fries,5,2022-10-09 13:27:34,true,2.69
Chicken Tenders,1,2022-10-11 14:46:11,false,7.49
Classic Hamburger,4,2022-10-14 08:17:16,true,6.49
Gig Em Patty Melt,3,2022-10-13 13:35:51,true,7.49
Black Bean Burger,5,2022-10-11 09:15:20,true,7.29
Gig Em Patty Melt,4,2022-10-09 04:53:49,true,7.89
Chicken Tenders,4,2022-10-11 05:18:18,false,7.49
Caesar Salad,5,2022-10-14 18:29:40,true,8.29
Chicken Tenders,1,2022-10-12 03:57:36,true,7.49
Black Bean Burger,3,2022-10-12 20:10:41,false,7.29
Aggie Shakes,2,2022-10-13 12:40:23,true,4.49
French Fries,4,2022-10-13 23:48:07,true,2.69
Aggie Shakes,5,2022-10-09 18:08:14,false,4.49
Classic Hamburger,5,2022-10-12 13:03:03,true,6.49
Chicken Tenders,3,2022-10-09 17:13:55,true,7.49
Cookie Sandwich,3,2022-10-12 12:48:30,false,4.69
Chicken Sandwich,3,2022-10-13 05:09:07,false,7.49
French Fries,1,2022-10-10 19:30:06,true,2.69
Caesar Salad,1,2022-10-14 23:47:14,false,8.29
Chicken Sandwich,1,2022-10-13 15:17:18,false,7.49
Fountain Drink,2,2022-10-14 03:39:21,false,2.45
Fountain Drink,2,2022-10-10 22:42:16,true,2.45
Fountain Drink,1,2022-10-13 02:31:25,false,2.45
Aggie Shakes,1,2022-10-11 21:09:04,false,4.49
Ice Cream Cup,3,2022-10-09 16:14:37,true,3.29
Bacon Burger,4,2022-10-13 14:41:34,true,7.89
Black Bean Burger,1,2022-10-12 09:05:15,true,7.29
Gig Em Patty Melt,4,2022-10-10 01:04:15,true,2.69
Chicken Tenders,5,2022-10-14 08:51:57,true,7.49
Ice Cream Cup,1,2022-10-09 14:29:55,false,3.29
Chicken Tenders,1,2022-10-14 06:45:05,false,7.49
Chicken Tenders,2,2022-10-13 05:48:41,true,7.49
Fountain Drink,5,2022-10-13 07:04:50,false,2.45
Aggie Shakes,4,2022-10-12 04:26:02,true,4.49
Classic Hamburger,3,2022-10-14 06:51:33,false,6.49
Ice Cream Cup,1,2022-10-11 10:15:03,false,3.29
Aggie Shakes,1,2022-10-12 00:45:10,true,4.49
Gig Em Patty Melt,1,2022-10-11 06:11:57,false,4.69
Gig Em Patty Melt,5,2022-10-13 21:45:41,false,6.49
Aggie Shakes,4,2022-10-10 12:02:50,false,4.49
Cookie Sandwich,4,2022-10-11 20:37:54,true,4.69
French Fries,3,2022-10-10 07:52:19,false,2.69
French Fries,5,2022-10-11 02:02:07,false,2.69
Aggie Shakes,1,2022-10-09 11:31:11,false,4.49
French Fries,5,2022-10-09 16:20:21,false,2.69
Fountain Drink,4,2022-10-12 11:09:31,true,2.45
Classic Hamburger,2,2022-10-11 09:35:27,true,6.49
French Fries,3,2022-10-12 09:36:07,true,2.69
Classic Hamburger,2,2022-10-11 12:50:37,true,6.49
Fountain Drink,4,2022-10-10 11:41:51,false,2.45
French Fries,3,2022-10-12 16:14:17,false,2.69
Chicken Tenders,5,2022-10-14 08:36:03,true,7.49
Classic Hamburger,1,2022-10-10 03:49:21,true,6.49
Ice Cream Cup,4,2022-10-09 00:38:59,false,3.29
Chicken Tenders,3,2022-10-12 08:26:07,true,7.49
Caesar Salad,3,2022-10-13 10:14:52,true,8.29
Chicken Sandwich,3,2022-10-10 12:24:19,false,7.49
Fountain Drink,5,2022-10-11 00:56:53,false,2.45
Black Bean Burger,2,2022-10-11 06:56:45,true,7.29
Caesar Salad,3,2022-10-12 02:17:50,false,8.29
Chicken Tenders,5,2022-10-10 22:50:44,false,7.49
French Fries,5,2022-10-12 00:00:26,false,2.69
French Fries,4,2022-10-12 11:59:31,false,2.69
Aggie Shakes,3,2022-10-10 03:46:10,false,4.49
Fountain Drink,5,2022-10-09 15:03:58,true,2.45
Bacon Burger,2,2022-10-14 16:51:11,true,7.89
Chicken Sandwich,5,2022-10-12 04:02:58,false,7.49
Cookie Sandwich,2,2022-10-10 00:52:33,false,4.69
Bacon Burger,3,2022-10-13 04:15:40,true,7.89
French Fries,5,2022-10-09 23:53:24,true,2.69
Bacon Burger,5,2022-10-12 17:35:46,false,7.89
Aggie Shakes,4,2022-10-10 16:12:51,false,4.49
Chicken Sandwich,3,2022-10-10 08:57:02,false,7.49
